"Id","FirstName","LastName","City","State","Country"
"1","Robert","Dole","Canton","GA","USA"
"2","Roberto","Dolo","Canton","Ga","USA"
"3","Mr","Dole","Canton","ga","USA"
"4","Robert","Dole","Canton","GA","USA"
"5","Roberto","Dolo","Canton","Ga","USA"
"6","Mr","Dole","Canton","ga","USA"
"7","Robert","Dole","Canton","GA","USA"
"8","Roberto","Dolo","Canton","Ga","USA"
"9","Mr","Dole","Canton","ga","USA"
"10","Robert","Dole","Canton","GA","USA"
"11","Robert","Dole","Canton","GA","USA"
"12","Robert","Dole","Canton","GA","USA"
"13","Robert","Dole","Canton","GA","USA"
"14","Robert","Dole","Canton","GA","USA"
"15","Robert","Dole","Canton","GA","USA"
"16","Roberto","Dolo","Canton","Ga","USA"
"17","Mr, Robert","Dole","Canton","ga","USA"
"18","Ricky","Smith","NY","NY","USA"
"19","Ricky","Smith","NY","ny","USA"
"20","Ricky","Smith","NY","ny","USA"
"21","Ricky","Smith","NY","ny","USA"
"22","Ricky","Smith","NY","ny","USA"
"23","Ricky","Smith","NY","Ny","USA"
"24","Ricky","Smith","NY","Ny","USA"
"25","Ricky","Smith","NY","Ny","USA"
"26","Ricky","Smith","NY","Ny","USA"
"27","Ricky","Smith","NY","NY","USA"
